"O#","Title","Artist","Year","Image file",,,,,,,,,,,,,,,
1124,"Cement truck","Wim Delvoye",2007,"MISM_012_20110914142822_lg","outside","rusty","mona","huge","intricate","lacework",,,,,,,,,
1084,"Untitled (sound installation)","Christopher Townend",2010,"MISM_009_20110506144326_lg","dark","echo","tunnel","mona","creepy","creaky",,,,,,,,,
974,"Mona Cinema","Unknown",2010,"MISM_007_20110216170156_lg","mona",,,,,,,,,,,,,,
962,"MONA","Unknown",2010,"mism_006_20120626144722_lg","mona",,,,,,,,,,,,,,
960,"The Wedding' series","Boris Mikhailov","2005-6","MISM_004_20110121094018_lg","mona",,,,,,,,,,,,,,
959,"Neolithic Flints ","Unknown","Unknown","MISM_003_20110121094139_lg","mona",,,,,,,,,,,,,,
957,"Group of Balint Zsako works","Balint Zsako","2006-9","mism_001_20120214114134_lg","people","leaves","yellow","fire","child","cartoon","mona","simple",,,,,,,
1217,"Funeral Songs","Daniel Mudie Cunningham"," 2007-12","2011_011_20120613155321_lg","mona",,,,,,,,,,,,,,
1220,"Two Sisters","Susan Philipsz",2009,"2011_010_20120613160658_lg","mona",,,,,,,,,,,,,,
1119,"Deluxe Suicide Service","Meghan Boody",1994,"2011_007_20110913164254_lg","machine","mona","medical","pinball",,,,,,,,,,,
965,"Untitled","Jannis Kounellis","1991/2011","2011_003_20110215191740_lg","water","blood","chair","goldfish","cut","knife","mona","bowl","sharp","poo","delicate","tension",,,
1078,"Untitled","Balint Zsako",2010,"2011_002_20110518121401_lg","mona",,,,,,,,,,,,,,
748,"The blind leading the blind","Peter Buggenhout","2010-11","2010_035_20110912154752_lg","metal","steel","rusty","mona","dirty","bent","scrap","twisted","beams",,,,,,
709,"everyday happiness","Nell",2010,"2010_028_20101003180722_lg","sculpture","face","happy","funny","shiny","mona","chrome","shit","poo","faeces","shocking","turd",,,
724,"Green Urn","Shari Mendelson",2010,"2010_026_20101003180722_lg","mona",,,,,,,,,,,,,,
725,"V8 Bottle","Shari Mendelson",2009,"2010_025_20101003180722_lg","mona",,,,,,,,,,,,,,
722,"Bottle with Four Handles","Shari Mendelson",2009,"2010_024_20101003180722_lg","mona",,,,,,,,,,,,,,
719,"My Beautiful Chair","Greg Taylor. Dr Philip Nitschke",2010,"2010_015_20110121095320_lg","lamp","computer","death","suicide","mona","creepy","couch","medical",,,,,,,
755,"December from 'Fields of Ecstasy'","Alasdair McLuckie","2009-10","2010_014_20101003180722_lg","mona",,,,,,,,,,,,,,
756,"Cinerarium","Julia deVille",2009,"2010_013_20110121100028_lg","dark","gothic","egg","victorian","mona","jewellery",,,,,,,,,
747,"Love Triangle","Christopher Landoni",2004,"2010_012_20101003180722_lg","mona",,,,,,,,,,,,,,
708,"Lange Eenzame man","Berlinde De Bruyckere",2010,"2010_009_20110121094842_lg","mona",,,,,,,,,,,,,,
264,"Hiroshima in Tasmania - The Archive for the Future","Masao Okabe and Chihiro Minato",2010,"2010_003_01_20110118153944_lg","mona",,,,,,,,,,,,,,
272,"When My Heart Stops Beating","Patrick Hall"," 2008-10","2009_054_20101003180722_lg","records","love","cool","interesting","mona","sound","drawers","voices",,,,,,,
617,"Skull","Jan Fabre",2001,"2009_052_20120402133454_lg","mona",,,,,,,,,,,,,,
1079,"Formations of Silence: Freudian Flowers","Juz Kitson",2009,"2009_029_20120528152724_lg","mona",,,,,,,,,,,,,,
237,"Locus Focus","gelitin",2010,"2009_028_20101003180722_lg","mona",,,,,,,,,,,,,,
268,"Untitled","Jannis Kounellis",2002,"2009_027_20110120202444_lg","brown","grey","mona","messy","bags","cloth","sack","coal","dull","grimy",,,,,
693,"Engpass","Roman Signer"," 2000-11","2009_025_20110803182939_lg","broken","car","concrete","outside","smash","mona","wreck",,,,,,,,
267,"Untitled","Jannis Kounellis",1998,"2009_024_20120613161236_lg","steel","rusty","mona","rope","minimal","hanging","stark",,,,,,,,
95,"Cloaca Professional","Wim Delvoye",2010,"2009_023_20110118100114_lg","food","glass","industrial","machine","mona","poo","smelly","stinky","faeces","nausea",,,,,
950,"Untitled","Duncan Marquiss",2008,"2009_010_20110110180843_lg","mona",,,,,,,,,,,,,,
759,"Untitled","Juul Kraijer",2006,"2009_008_20110117133553_lg","blackandwhite","asian","mona","creepy","eyeball",,,,,,,,,,
760,"Untitled","Juul Kraijer","2006-7","2009_007_20110117133553_lg","mona",,,,,,,,,,,,,,
754,"Portrait of a Man: William Wordsworth, 1770-1850, from Life Mask","Joanna Kane"," 2006-8","2009_006_20101003180722_lg","mona",,,,,,,,,,,,,,
720,"Cunts... and other conversations","Greg Taylor and friends"," 2008-11","2009_003_20101003180722_lg","white","beautiful","cunt","many","mona","plaster","vagina","shocking",,,,,,,
952,"unwritten #8","Vernon Ah Kee",2008,"2008_159_20110117133553_lg","white","black","skull","mask","mona",,,,,,,,,,
589,"Family of the Future, 9","Oleg Kulik",1997,"2008_149_20101003180722_lg","blackandwhite","dog","man","sex","fucking","anal","mona","rape","shocking",,,,,,
224,"In the name of God (Koran)","Gregory Green",2005,"2008_143_20110117133553_lg","mona",,,,,,,,,,,,,,
652,"Placebo","Saskia Olde Wolbers",2002,"2008_141_20101003180722_lg","mona",,,,,,,,,,,,,,
414,"Kryptos","Brigita Ozolins"," 2008-10","2008_127_20110121094712_lg","dark","concrete","mona","eerie","numbers","mysterious","maze","conceptual","atmospheric",,,,,,
322,"Hanging Garden","Mikala Dwyer",2008,"2008_124_20110121094450_lg","mona",,,,,,,,,,,,,,
215,"Untitled III (from 'Bunny')","Polly Borland","2004-5","2008_118_20110117133553_lg","pink","woman","rabbit","stockings","nude","weird","beige","mask","mona","creepy",,,,,
238,"Untitled II (from 'Bunny')","Polly Borland","2004-5","2008_117_20101003180722_lg","mona",,,,,,,,,,,,,,
200,"Head of a man Italy,","Unknown"," c 1600-1700","2008_116_20110117133553_lg","mona",,,,,,,,,,,,,,
259,"Tracing Time","Claire Morgan",2007,"2008_101_20101003180722_lg","mona",,,,,,,,,,,,,,
337,"Pupa","Fiona Hall",2005,"2008_100_20101003180722_lg","woman","black","spread","erotic","legs","mona","blonde","tapes","leotard",,,,,,
497,"Bookshelf","Adam Putnam",1997,"2008_097_20110117133553_lg","mona",,,,,,,,,,,,,,
502,"Wardrobe","Adam Putnam",1997,"2008_096_20110117133553_lg","mona",,,,,,,,,,,,,,
498,"Dishcabinet","Adam Putnam",1997,"2008_095_20110117133553_lg","mona",,,,,,,,,,,,,,
501,"Untitled (Jeans)","Adam Putnam",2008,"2008_094_20110117133553_lg","mona",,,,,,,,,,,,,,
97,"P XIII","Berlinde De Bruyckere",2008,"2008_087_20110121111334_lg","horse","animal","dead","death","mona","hanging","shocking",,,,,,,,
229,"Economical Study on the Skin of Caracans, Caracas, Venezuela, September 2006","Santiago Sierra",2006,"2008_084_20110117133553_lg","mona",,,,,,,,,,,,,,
597,"Light / Dark","Marina Abramovic",1978,"2008_083_01_20110118151154_lg","mona",,,,,,,,,,,,,,
592,"AAA - AAA","Marina Abramovic",1978,"2008_082_01_20110118150809_lg","blackandwhite","film","video","couple","mona",,,,,,,,,,
595,"Expansion in Space","Marina Abramovic",1977,"2008_081_01_20110118145746_lg","blackandwhite","naked","nude","couple","mona",,,,,,,,,,
593,"Breathing in breathing out","Marina Abramovic",1977,"2008_080_01_20110118145441_lg","blackandwhite","sexy","kiss","couple","extreme","mona","breathing","violent",,,,,,,
596,"Rest Energy","Marina Abramovic",1980,"2008_079_01_20110118145213_lg","film","death","video","couple","mona","arrow","bowandarrow",,,,,,,,
232,"Art Must be Beautiful ... Artist Must Be Beautiful ...","Marina Abramovic",1975,"2008_078_01_20110118144858_lg","mona",,,,,,,,,,,,,,
214,"The Morgue (Blood Transfusion Resulting In Aids)","Andres Serrano",1992,"2008_075_20110117133553_lg","mona",,,,,,,,,,,,,,
585,"Untitled (stool for guard)","Taiyo Kimura",2007,"2008_073_20110117133553_lg","woman","asian","poor","young","mona","depression","depressed","tracksuit","slumped",,,,,,
604,"Jungle Book Project","Pierre Bismuth",2002,"2008_069_20101003180722_lg","mona",,,,,,,,,,,,,,
220,"The moth collection","Stephen Shanabrook","2003-7","2008_067_20110117133553_lg","mona","collection","drugs","needles","spoons",,,,,,,,,,
221,"On the Road to Heaven The Highway to Hell","Stephen J Shanabrook",2008,"2008_065_20101003180722_lg","beautiful","dead","death","chocolate","mona","shocking","frightening","sickening","intestines","nausea","disembowelled",,,,
104,"Self Portrait","John Coplans",1990,"2008_059_20110117133553_lg","blackandwhite","hairy","man","naked","nude","fat","mona","torso",,,,,,,
601,"Der Fleck auf dem Spiegel, den der Atemhauch schafft","Dieter Appelt",1977,"2008_057_20110117133553_lg","mona",,,,,,,,,,,,,,
612,"Untitled (Osama)","Wim Delvoye","2002-3","2008_055_20111209174825_lg","mona",,,,,,,,,,,,,,
603,"Untitled, from 'Les jeux de la poupe - The Doll's Game'","Hans Bellmer",1949,"2008_052_20110117133553_lg","woman","flesh","dark","naked","blood","breasts","doll","mona","creepy","thighs","ugly","voluptuous",,,
291,"Zizi the Affectionate Couch","Stephen Barrass, Linda Davy, Robert Davy, Kerry Richens",2002,"2008_048_20110506150326_lg","mona",,,,,,,,,,,,,,
485,"Black and White Tapes","Paul McCarthy"," 1970-75","2008_040_20101003180722_lg","mona",,,,,,,,,,,,,,
458,"Open Book","Vito Acconci",1974,"2008_036_20101003180722_lg","mona",,,,,,,,,,,,,,
457,"Corrections","Vito Acconci",1970,"2008_035_20101003180722_lg","mona",,,,,,,,,,,,,,
661,"Blutclip","Pipilotti Rist",1993,"2008_032_20101003180722_lg","mona",,,,,,,,,,,,,,
663,"Pickelporno","Pipilotti Rist",1992,"2008_031_01_20110121123418_lg","mona",,,,,,,,,,,,,,
107,"Artifact","Gregory Barsamian",2010,"2008_025_20110118095616_lg","motion","beautiful","face","birds","metal","giant","skull","amazing","head","optical","mona","huge","hollow","strobe",
576,"Untitled (White Library)","Wilfredo Prieto","2004-06","2008_024_20120613161153_lg","white","quiet","chairs","library","room","mona","books","minimal","blank","enclosed",,,,,
459,"I Am Making Art","John Baldessari",1971,"2008_011_20101003180722_lg","mona",,,,,,,,,,,,,,
690,"Fahrrad mit Farbe","Roman Signer"," 1995-2003","2008_010_20101003180722_lg","bike","yellow","interesting","mud","mona","dirty","spray","riding","conceptual","skid",,,,,
382,"Go on","Todd McMillan",2007,"2008_008_20101003180722_lg","mona",,,,,,,,,,,,,,
218,"The Arse End of the World","Juan Davila",1994,"2008_005_20110117133553_lg","gay","sex","naked","penis","australian","mona","soldiers","offensive","anus","shocking",,,,,
981,"9/64 O Tannenbaum O Christmas Tree","Kurt Kren",1964,"2007_233_20110329112140_lg","mona",,,,,,,,,,,,,,
980,"8/64 Ana - Aktion Brus","Kurt Kren",1964,"2007_232_20110329112531_lg","mona",,,,,,,,,,,,,,
982,"16/67 20 September 1967","Kurt Kren",1967,"2007_231_20110329112004_lg","mona",,,,,,,,,,,,,,
948,"5 Boxes: Box 5, Zeichenfilm - Balzac und das Auge Gottes","Kurt Kren",1971,"2007_225_01_20110118155708_lg","mona",,,,,,,,,,,,,,
947,"5 Boxes: Box 4, Leda und der Schwan, Otto Muhl","Kurt Kren",1964,"2007_224_20110218171136_lg","woman","film","naked","video","mona","covered","rubbish","goo","sickening","excrement","smeared","queasy","slops",,
945,"5 Boxes: Box 2, Selbstverstummelung (Aktion unter Brus)","Kurt Kren",1965,"2007_222_01_20110118154506_lg","blackandwhite","white","film","video","blood","cut","mona","grainy","bandage","frightening","sickening","violent","queasy",,
944,"5 Boxes: Box 1, Mama und Papa (Materialaktion Otto Muhl)","Kurt Kren",1964,"2007_221_01_20110118154850_lg","mona",,,,,,,,,,,,,,
318,"(a fleeting) Encounter","Pippa Dickson",2006,"2007_213_20110117133553_lg","mona",,,,,,,,,,,,,,
405,"Untitled","David Noonan",2007,"2007_179_20110117133553_lg","mona",,,,,,,,,,,,,,
279,"Washer","Francis Upritchard",2007,"2007_175_20110117133553_lg","mona",,,,,,,,,,,,,,
244,"Lucky One - Les pirates (X)","Philippe Favier",2007,"2007_169_20110117133553_lg","mona",,,,,,,,,,,,,,
486,"Auction","Christopher Miner",2000,"2007_158_20101003180722_lg","flowers","film","video","funny","preacher","mona","american","1980s","gospel",,,,,,
648,"24 action, Studio Nitsch, Vienna July 1967","Hermann Nitsch",1967,"2007_156_01_20110118144420_lg","mona",,,,,,,,,,,,,,
646,"16 action, Vienna,  15.12.1965, re-performed at Schloss Prinzendorf 1988","Hermann Nitsch",1988,"2007_155_01_20110118142657_lg","white","man","naked","penis","blood","mona","sheet",,,,,,,,
645,"15 action, Vienna, 10.10.1965, re-performed at Schloss Prinzendorf 1988","Hermann Nitsch",1988,"2007_149_01_20110118142257_lg","red","man","naked","mona","torso","texta","wound","bandage",,,,,,,
152,"Kitten Trophy Rug","Julia deVille",2005,"2007_140_20110117133553_lg","cat","fur","dead","stuffed","skin","mona","taxidermy",,,,,,,,
283,"Pulse Room","Rafael Lozano-Hemmer",2006,"2007_137_20110121094331_lg","light","electric","interesting","globe","flash","mona","electricity","pulse","interactive","rythm","heartbeat",,,,
128,"China China - Bust 82","Ah Xian",2004,"2007_135_20110117133553_lg","china","blue","white","man","tattoo","ceramic","asian","mona","bust","willow",,,,,
307,"Strand bench seat","Sally Brown",2007,"2007_130_20110117133553_lg","old","sea","seat","mona","rope","nautical","rough",,,,,,,,
257,"On perspective and motion - Part 2","Daniel Crooks",2006,"2007_127_20101003180722_lg","people","mirror","moving","interesting","optical","mona",,,,,,,,,
123,"Le Grand Macabre","Christoph Ruckhaberle",2007,"2007_119_20110117133553_lg","blue","men","green","pose","grey","dance","pattern","cartoon","mona","colourful",,,,,
256,"Hearing Dogs' Centre IV","Toby Ziegler",2006,"2007_116_20110117133553_lg","mona",,,,,,,,,,,,,,
99,"bit.fall","Julius Popp"," 2006-7","2007_111_20110118095225_lg","mona",,,,,,,,,,,,,,
246,"No Visible Means of Escape","Marc Quinn",1996,"2007_109_20120613160029_lg","mona",,,,,,,,,,,,,,
519,"Memory of Matter","Petroc Sesti",2004,"2007_108_20110117133553_lg","sculpture","abstract","beige","hole","mona","creepy","vagina","wax","disturbing","slimy","bulge",,,,
427,"Extension","Charles Robb",2005,"2007_083_20110117133553_lg","mona",,,,,,,,,,,,,,
129,"Fat Car","Erwin Wurm",2006,"2007_079_20110117133553_lg","red","car","cool","fat","mona","conceptual","melted","obese",,,,,,,
118,"Matrix","Jenny Saville",1999,"2007_078_20110117133553_lg","red","man","flesh","painting","grey","breasts","mona","ugly","vagina","huge","shocking",,,,
285,"Melbourne Burning","Arthur Boyd"," 1946-47","2007_077_20110117133553_lg","old","people","dark","painting","fire","death","smoke","mona","violence",,,,,,
425,"Recreational Device","Peter Prasil",2001,"2007_076_20101003180722_lg","black","metal","stainlesssteel","vinyl","machine","mona","couch","instruments","dentist",,,,,,
477,"Two Women","Joan Jonas",1973,"2007_073_01_20110121122959_lg","mona",,,,,,,,,,,,,,
112,"Darwin's Girls","Cassandra Laing",2006,"2007_069_20110117133553_lg","mona",,,,,,,,,,,,,,
286,"Scar Tissue","Fiona Hall"," 2003-4","2007_021_20101003180722_lg","black","mona","plastic","tape","hanging","cases",,,,,,,,,
615,"Private property #3","Amie Dicke",2006,"2007_011_20110117133553_lg","white","black","body","vinyl","silk","mona","couch","draped",,,,,,,
614,"Taped Rug #2","Amie Dicke",2006,,,,,,,,,,,,,,,,
613,"When the Night Falls, Secret Lakes Come Out (Cesare Paciotti)","Amie Dicke",2006,"2007_009_20110117133553_lg","mona",,,,,,,,,,,,,,
670,"Patterns of Perception","Ruth Schnell",2005,"2007_008_20101003180722_lg","mona",,,,,,,,,,,,,,
287,"Plastikcity (Batiment 10)","Samuel Rousseau",2006,"2007_003_20110117133553_lg","people","yellow","moving","funny","purple","fucking","mona","plastic","tiny","ants","containers","projections",,,
245,"Painter","Paul McCarthy",1995,"2006_075_01_20120404112933_lg","people","video","saturated","cartoon","mona","puppets","violence","sickening","queasy",,,,,,
94,"The Butterfly","Atul Dodiya",2006,"2006_074_20101003180722_lg","mona",,,,,,,,,,,,,,
216,"Lustmord","Jenny Holzer",1994,"2006_073_20110117133553_lg","mona",,,,,,,,,,,,,,
282,"Dream of Migrants","Wang Qingsong",2005,"2006_072_20110117133553_lg","mona",,,,,,,,,,,,,,
531,"Encyclopedia","Charles Sandison",2005,"2006_069_20110121121311_lg","computer","moving","words","random","text","floating","mona","screen","animated","swarming",,,,,
227,"Great Deeds Against the Dead","Jake and Dinos Chapman",1994,"2006_065_20110117133553_lg","man","tree","naked","mona","torture","hanging","torso","tiedup","shocking","sickening","decapitated","dissected",,,
266,"You asked me to come and see your routine, you call this a fucking routine?","Jon Pylypchuk",2006,"2006_056_20120613155217_lg","mona",,,,,,,,,,,,,,
277,"Queen (A portrait of Madonna)","Candice Breitz",2005,"2006_035_20101003180722_lg","camp","holiday","fun","drag","happy","video","singing","song","madonna","mona","karaoke","joyful","screens","enclosed","rescueme"
116,"Further Shore","Fiona Hall"," 2002-5","2006_034_20120613155417_lg","mona",,,,,,,,,,,,,,
109,"The End of Art","Tamy Ben-Tor",2006,"2006_033_07_20101107121701_lg","mona",,,,,,,,,,,,,,
587,"Grandma","Miki Carmi",2005,"2006_023_20110117133553_lg","old","man","face","painting","sad","large","mona","wrinkles",,,,,,,
290,"Large House with Fence","Howard Arkley",1998,"2006_022_20101003180722_lg","house","cartoon","suburbia","mona","boring","colourful","airbrush",,,,,,,,
122,"Snake","Sidney Nolan"," 1970-72","2006_021_02_20110112100300_lg","abstract","giant","snake","large","mona","huge","panels","impressive",,,,,,,
397,"Leda","Sidney Nolan",1957,"2006_008_20110117133553_lg","blue","boy","white","beautiful","dark","swan","sad","mona","eerie","cuts",,,,,
396,"Drought Animal","Sidney Nolan",1953,"2006_007_20101003180722_lg","dog","brown","yellow","dead","death","grey","soft","mona","fox","smoky",,,,,
201,"Leda and the Swan Possibly Italy, Roman","Unknown","c 1-100 CE","2004_094_20110117133553_lg","old","sculpture","woman","bird","stone","bronze","naked","swan","ancient","mona","carving","lead","figures",,
183,"Bowl with aquatic decoration Egypt, New Kingdom, 18th Dynasty","Unknown","1550-1295 BCE","2004_071_20110118132944_lg","old","blue","fish","greek","ancient","plate","mona",,,,,,,,
1086,"Erotic handscroll - shunga makimono Japan","Unknown","c 1700-1800","2004_067_20120620180424_lg","old","sex","asian","penis","japanese","erotic","mona","vagina","pornographic","shocking",,,,,
298,"Baby Auguste","Charles Blackman",1957,"2004_063_20110117133553_lg","mona",,,,,,,,,,,,,,
727,"Bead covering for a mummy Egypt, Third Intermediate Period","Unknown"," c 1069-664BCE",,,,,,,,,,,,,,,,
198,"Larnax (chest-shaped coffin) Crete, Late Minoan Period","Unknown"," c 1325-1275 BCE","2003_203_20120620180424_lg","mona",,,,,,,,,,,,,,
712,"Copy of The Narmer Palette","Unknown","Unknown","2003_195_20110118125316_lg","mona",,,,,,,,,,,,,,
181,"Falcon Egypt, Ptolemaic to early Roman Period","Unknown","c 300-100 CE","2003_180_20120620180424_lg","old","bird","stone","silver","ancient","mona","carving",,,,,,,,
766,"Coffin, probably of a woman Egypt, New Kingdom","Unknown","c 1550-1069 BCE","2003_177_20110117133553_lg","mona",,,,,,,,,,,,,,
770,"Amulet of Sekhmet Egypt, Late Period","Unknown","c 664-332 BCE","2003_174_20110119065409_lg","mona",,,,,,,,,,,,,,
139,"Mummy and coffin of Pausiris Egypt, Ptolemaic to Roman Period","Unknown"," c 100 BCE","2003_172_20110117133553_lg","old","man","dead","death","carved","ancient","mona","egyptian","sarcophagus","mummy","coffin",,,,
774,"Amulet of a cat Egypt, Late Period","Unknown","c 664-332 BCE","2003_167_20110118225712_lg","old","red","cat","dead","death","ancient","mona","egyptian","mummy",,,,,,
777,"Mummy portrait of a woman Egypt, Roman Period","Unknown","c 100-200 CE","2003_160_20110120174427_lg","mona",,,,,,,,,,,,,,
779,"Heart scarab Egypt, New Kingdom to Third Intermediate Period, probably 19th - 22nd Dynasties","Unknown","c 100-200 CE","2003_156_20110118220625_lg","mona",,,,,,,,,,,,,,
180,"Mortuary amulets mounted as a modern pendant Egypt, Late Period, 26th Dynasty, possibly mounted by Cartier, 20th C","Unknown","c 664-525 BCE","2003_155_20110117133553_lg","mona",,,,,,,,,,,,,,
780,"Ram-headed dwarf with falcon wings Egypt, 26th Dynasty","Unknown","c 664-525 BCE","2003_054_20110119065608_lg","mona",,,,,,,,,,,,,,
782,"Fecundity figures, fragment from a temple Probably from the Iseion at Behbeit el-Hagar, Egypt, Ptolemaic Period","Unknown","c 332-30 BCE","2003_048_20110117133553_lg","stone","ancient","mona","carving","egyptian","mysterious","figures",,,,,,,,
185,"Butchering scene, from a tomb Probably Saqqara, Egypt, Old Kingdom, 5th Dynasty","Unknown","c 2494-2345 BCE","2003_047_20120620180424_lg","old","stone","ancient","mona","carving","egyptian","mysterious","fighting","figures",,,,,,
189,"Mummy portrait Egypt, Roman Period,","Unknown"," c 100-200 BCE","2003_046_20120620180424_lg","mona",,,,,,,,,,,,,,
167," Black-topped jar Egypt, Predynastic, Naqada I Period","Unknown","c 4000-3500 BCE","2003_038_20110118131837_lg","mona",,,,,,,,,,,,,,
830,"Figure of Bes Egypt, Ptolemaic to early Roman Period","Unknown","c 305-100 CE","2003_035_20110118223732_lg","mona",,,,,,,,,,,,,,
834,"Black-topped jar Egypt, Predynastic, Naqada I Period","Unknown","c 4000-3500 BCE","2003_029_20110117133553_lg","old","mona",,,,,,,,,,,,,
835,"Black-topped jar Egypt, Predynastic, Naqada I Period","Unknown","c 4000-3500 BCE","2003_028_20110120174155_lg","mona",,,,,,,,,,,,,,
710,"Head covering, possibly for a child Egypt, Roman Period","Unknown","c 1-200 CE","2003_020_20110117133553_lg","old","man","face","hair","ceramic","ancient","head","mona","calm","pottery",,,,,
839,"Votive figure of the Oxyrhynchus fish Egypt, probably Late Period","Unknown","c 600-300 BCE","2003_011_20110119065728_lg","mona",,,,,,,,,,,,,,
177,"Votive figure of Isis with the Infant Horus Egypt, Late Period, 26th Dynasty","Unknown","c 664-525 BCE","2003_009_20110118223620_lg","mona",,,,,,,,,,,,,,
840,"Votive figure of Osiris Egypt, probably Late Period","Unknown","c 664-332 BCE","2003_008_20110118223653_lg","mona",,,,,,,,,,,,,,
171,"Denarius of Augustus Possibly Colonia Caesaraugusta, Spain, Roman Imperial","Unknown","c 19-18 BCE","2001_182_20110120201901_lg","old","metal","silver","star","coin","ancient","mona",,,,,,,,
172,"Stater of Thasos with nymph and satyr Thasos, Thracian Islands, Greek","Unknown","c 475-440 BCE","2001_174_20110117133553_lg","old","woman","man","sex","metal","silver","beard","greek","coin","ancient","couple","fucking","mona",,
921,"Tetradrachm of Demetrius I Bactria, Paropamisadae and Arachosia, Greco-Bactrian kingdom, c.","Unknown","c 200-190 BCE","2001_081_20110120200236_lg","old","elephant","man","metal","silver","greek","coin","ancient","head","mona",,,,,
209,"Tetradrachm of Agathocles Paropamisadae, Arachosia, Gandhara and Punjab, Greco-Bactrian Kingdom","Unknown","c 190-180 BCE","2001_070_20110120195902_lg","old","man","metal","silver","coin","ancient","roman","head","mona",,,,,,
882,"Incuse nomos of Croton Croton, Bruttium, Greek","Unknown","c 530-480 BCE","2001_063_20110120183519_lg","old","metal","silver","design","swan","coin","ancient","mona",,,,,,,
713,"Phallus","Unknown","Unknown","2001_046_20110117133553_lg","old","stone","penis","grey","carved","mona","creepy","phallus",,,,,,,
955,"Phallus ","Unknown","Unknown","2001_045_20110118133241_lg","old","stone","penis","carved","ancient","mona","phallus",,,,,,,,
853," Sarcophagus fragment Egypt, Late Period to Ptolemaic, c. 664-","Unknown","30 BCE","2001_041_20110117133553_lg","old","stone","carved","ancient","head","mona","egyptian","pharoah",,,,,,,
714,"Totem","Unknown","Unknown","2001_034_20110117133553_lg","mona",,,,,,,,,,,,,,
738,"Monkey effigy vessel Central Mexico, Toltec","Unknown","c 800-1000 CE ","2001_031_20110117133553_lg","stone","skull","monkey","carved","head","mona","bowl",,,,,,,,
716,"Skull","Central American style","Unknown","2001_026_20110117133553_lg","old","stone","skull","carved","mona","creepy",,,,,,,,,
717,"Skull Central American style","Unknown","Unknown","2001_014_20110117133553_lg","old","stone","dead","death","skull","carved","ancient","mona","creepy",,,,,,
864,"Head representing Life and Death Costa Rican style","Unknown","Unknown","2001_008_20110118105934_lg","old","stone","dead","death","skull","carved","ancient","mona","creepy",,,,,,
787,"Coffin of Heryshefemhat Egypt, 25th - early 26th Dynasty","Unknown","c 730-600 BCE","2001_001_20110117133553_lg","mona",,,,,,,,,,,,,,
187,"Lion Hunt Scarab of Amenhotep III Egypt, New Kingdom, 18th Dynasty","Unknown","c 1380-1352 BCE","2000_218_20110117133553_lg","old","blue","bug","ancient","beetle","mona","scarab",,,,,,,,
788,"Heart scarab Egypt, probably New Kingdom","Unknown"," c 1500-1000 BCE","2000_217_20110117133553_lg","old","blue","bug","ancient","beetle","mona","scarab",,,,,,,,
789,"Heart scarab Egypt, probably Late Period","Unknown","c 664-332 BCE","2000_216_20110117133553_lg","old","green","bug","ancient","beetle","mona","scarab",,,,,,,,
791,"Cuneiform cone Mesopotamia","Unknown","c 2400-1700 BCE","2000_012_20110117133553_lg","old","stone","carved","ancient","cone","text","mona","egyptian",,,,,,,
792,"Cuneiform tablet with multiplication table Mesopotamia","Unknown"," c 1900-1700 BCE","2000_011_20110117133553_lg","old","stone","carved","ancient","text","mona",,,,,,,,,
798,"Heart scarab made for a woman Egypt, New Kingdom, 18th-20th Dynasty","Unknown"," c 1500-1000 BCE","2000_010_20110121120851_lg","old","brown","stone","bug","carved","ancient","beetle","mona","scarab",,,,,,
793,"Paving stone with cuneiform inscription of Ashurnasirpal II, King of Assyria Assyria, (probably Kalhu, modern Iraq) Palace of Ashurnasirpal II","Unknown","883-859 BCE","2000_008_20110117133553_lg","old","stone","carved","ancient","text","mona","tablet",,,,,,,,
794,"Cuneiform barrel Southern Mesopotamia, Old Babylonian","Unknown"," 1849-1843 BCE","2000_007_20110117133553_lg","old","stone","carved","ancient","text","mona","vase",,,,,,,,
797,"Kantharos Panticapaeum, Greek","Unknown","c 320-250 BCE ","2000_006_20120620180424_lg","old","metal","gold","ancient","mona","amphora","vase","brass",,,,,,,
161,"Octadrachm of Ptolemy II Philadelphus Alexandria, Egypt, Ptolemaic Period","Unknown","c 265-260 BCE","1999_601_20110120190344_lg","old","two","man","men","gold","coin","ancient","roman","mona","heads","emperor",,,,
254,"Decadrachm of Syracuse with Arethusa in profile Syracuse, Sicily, Greek","Kimon","c 405-400 BCE","1999_182_20110117133553_lg","old","woman","metal","greek","coin","ancient","head","mona",,,,,,,
160,"Stater of Athens Athens, Greece, Greek","Unknown","c 407-406 BCE","1999_146_20110120185538_lg","old","woman","coin","roman","head","mona","crown",,,,,,,,
196,"Geode carved in the shape of a peach China","Unknown"," c 1800-1850","1999_117_20110117133553_lg","mona",,,,,,,,,,,,,,
711,"Head of a mummified cat Egypt, Late Period to Ptolemaic","Unknown","c 664-30 BCE","1999_113_20110117133553_lg","cat","gold","head","egypt","mona","creepy","mummy","bandage",,,,,,,
184,"Coffin of Ankh-Pefy-Hery Egypt, 25th - 26th Dynasty","Unknown"," c 730-600 BCE","1999_112_20110117133553_lg","old","red","mona","sarcophagus","mummy","coffin","eyptian",,,,,,,,
718,"Frog with two snakes emerging from its mouth","Unknown","Unknown","1999_102_20110117133553_lg","old","gold","small","mona","lizard",,,,,,,,,,
204,"Rita Nelson","Brett Whiteley"," 1964-65"," theme/mona/ims/placeholder_sm.png",,,,,,,,,,,,,,,
1210,"Art Safari: Is this Sh*t Art?","Ben Lewis",2005,,,,,,,,,,,,,,,,
1211,"Into the Night","Ai WeiWei and Wim Delvoye",2007,,,,,,,,,,,,,,,,
1213,"Modern Times (G)","Charles Chaplin",1936,,,,,,,,,,,,,,,,
1214,"Double helix AACI 180 00 Double helix CCI 180 00","Wim Delvoye",2007,,,,,,,,,,,,,,,,
